Format Version,1.23,Take Name,Cancha_018,Take Notes,,Capture Frame Rate,100.000000,Export Frame Rate,100.000000,Capture Start Time,2021-09-17 08.02.34.882 P. M.,Total Frames in Take,45,Total Exported Frames,45,Rotation Type,Quaternion,Length Units,Meters,Coordinate Space,Global

,Type,Marker,Marker,Marker,Marker,Marker,Marker,Marker,Marker,Marker,Marker,Marker,Marker,Marker,Marker,Marker,Marker,Marker,Marker,Marker,Marker,Marker,Marker,Marker,Marker,Marker,Marker,Marker,Marker,Marker,Marker,Marker,Marker,Marker,Marker,Marker,Marker,Marker,Marker,Marker,Marker,Marker,Marker,Marker,Marker,Marker
,Name,DanielC:L_Asis,DanielC:L_Asis,DanielC:L_Asis,DanielC:L_Bar1,DanielC:L_Bar1,DanielC:L_Bar1,DanielC:L_Bar2,DanielC:L_Bar2,DanielC:L_Bar2,DanielC:L_Heel,DanielC:L_Heel,DanielC:L_Heel,DanielC:L_Knee1,DanielC:L_Knee1,DanielC:L_Knee1,DanielC:L_Mall,DanielC:L_Mall,DanielC:L_Mall,DanielC:L_Met,DanielC:L_Met,DanielC:L_Met,DanielC:R_Asis,DanielC:R_Asis,DanielC:R_Asis,DanielC:R_Bar1,DanielC:R_Bar1,DanielC:R_Bar1,DanielC:R_Bar2,DanielC:R_Bar2,DanielC:R_Bar2,DanielC:R_Heel,DanielC:R_Heel,DanielC:R_Heel,DanielC:R_Knee1,DanielC:R_Knee1,DanielC:R_Knee1,DanielC:R_Mall,DanielC:R_Mall,DanielC:R_Mall,DanielC:R_Met,DanielC:R_Met,DanielC:R_Met,DanielC:Sacrum,DanielC:Sacrum,DanielC:Sacrum
,ID,"15B9FD39256811ECAE1DCBFBED4CFAB2","15B9FD39256811ECAE1DCBFBED4CFAB2","15B9FD39256811ECAE1DCBFBED4CFAB2","15B9FD3A256811ECAE1DCBFBED4CFAB2","15B9FD3A256811ECAE1DCBFBED4CFAB2","15B9FD3A256811ECAE1DCBFBED4CFAB2","15B9FD3C256811ECAE1DCBFBED4CFAB2","15B9FD3C256811ECAE1DCBFBED4CFAB2","15B9FD3C256811ECAE1DCBFBED4CFAB2","15B9FD3E256811ECAE1DCBFBED4CFAB2","15B9FD3E256811ECAE1DCBFBED4CFAB2","15B9FD3E256811ECAE1DCBFBED4CFAB2","15B9FD3B256811ECAE1DCBFBED4CFAB2","15B9FD3B256811ECAE1DCBFBED4CFAB2","15B9FD3B256811ECAE1DCBFBED4CFAB2","15B9FD3D256811ECAE1DCBFBED4CFAB2","15B9FD3D256811ECAE1DCBFBED4CFAB2","15B9FD3D256811ECAE1DCBFBED4CFAB2","15B9FD3F256811ECAE1DCBFBED4CFAB2","15B9FD3F256811ECAE1DCBFBED4CFAB2","15B9FD3F256811ECAE1DCBFBED4CFAB2","1C9673E4256811ECAE1DCBFBED4CFAB2","1C9673E4256811ECAE1DCBFBED4CFAB2","1C9673E4256811ECAE1DCBFBED4CFAB2","1C9673E5256811ECAE1DCBFBED4CFAB2","1C9673E5256811ECAE1DCBFBED4CFAB2","1C9673E5256811ECAE1DCBFBED4CFAB2","1C9673E7256811ECAE1DCBFBED4CFAB2","1C9673E7256811ECAE1DCBFBED4CFAB2","1C9673E7256811ECAE1DCBFBED4CFAB2","1C9673E9256811ECAE1DCBFBED4CFAB2","1C9673E9256811ECAE1DCBFBED4CFAB2","1C9673E9256811ECAE1DCBFBED4CFAB2","1C9673E6256811ECAE1DCBFBED4CFAB2","1C9673E6256811ECAE1DCBFBED4CFAB2","1C9673E6256811ECAE1DCBFBED4CFAB2","1C9673E8256811ECAE1DCBFBED4CFAB2","1C9673E8256811ECAE1DCBFBED4CFAB2","1C9673E8256811ECAE1DCBFBED4CFAB2","1C9673EA256811ECAE1DCBFBED4CFAB2","1C9673EA256811ECAE1DCBFBED4CFAB2","1C9673EA256811ECAE1DCBFBED4CFAB2","15B9FD38256811ECAE1DCBFBED4CFAB2","15B9FD38256811ECAE1DCBFBED4CFAB2","15B9FD38256811ECAE1DCBFBED4CFAB2"
,,Position,Position,Position,Position,Position,Position,Position,Position,Position,Position,Position,Position,Position,Position,Position,Position,Position,Position,Position,Position,Position,Position,Position,Position,Position,Position,Position,Position,Position,Position,Position,Position,Position,Position,Position,Position,Position,Position,Position,Position,Position,Position,Position,Position,Position
Frame,Time (Seconds),X,Y,Z,X,Y,Z,X,Y,Z,X,Y,Z,X,Y,Z,X,Y,Z,X,Y,Z,X,Y,Z,X,Y,Z,X,Y,Z,X,Y,Z,X,Y,Z,X,Y,Z,X,Y,Z,X,Y,Z
0,0.000000,0.369840,0.925121,0.164728,0.505558,0.745511,0.245458,0.613883,0.342616,0.202073,0.632359,0.082788,0.090080,0.558424,0.498197,0.168491,0.617077,0.119361,0.173304,0.486610,0.074991,0.257839,0.304103,0.941661,-0.084743,0.377405,0.743232,-0.220179,0.435356,0.349654,-0.237637,0.480581,0.074951,-0.169814,0.420933,0.486734,-0.177615,0.397395,0.107891,-0.207380,0.261390,0.077763,-0.155562,0.534053,0.987454,-0.000394
1,0.010000,0.368502,0.924947,0.164206,0.503510,0.745246,0.246068,0.613296,0.342649,0.202698,0.632413,0.082784,0.090122,0.557693,0.498181,0.169074,0.617152,0.119350,0.173369,0.486600,0.074986,0.257826,0.305414,0.941891,-0.085935,0.380360,0.743430,-0.220383,0.436450,0.349569,-0.237345,0.480579,0.074948,-0.169762,0.422066,0.486681,-0.177444,0.397456,0.107920,-0.207297,0.261404,0.077788,-0.155608,0.534450,0.987521,0.001146
2,0.020000,0.367185,0.924779,0.163700,0.501482,0.744983,0.246676,0.612712,0.342682,0.203323,0.632465,0.082781,0.090162,0.556967,0.498163,0.169656,0.617227,0.119339,0.173434,0.486590,0.074981,0.257813,0.306709,0.942113,-0.087100,0.383283,0.743622,-0.220572,0.437532,0.349487,-0.237049,0.480579,0.074948,-0.169714,0.423190,0.486641,-0.177265,0.397515,0.107947,-0.207217,0.261420,0.077815,-0.155655,0.534837,0.987585,0.002677
3,0.030000,0.365912,0.924619,0.163221,0.499496,0.744727,0.247281,0.612135,0.342714,0.203950,0.632517,0.082781,0.090200,0.556250,0.498142,0.170238,0.617300,0.119330,0.173498,0.486580,0.074977,0.257801,0.307976,0.942320,-0.088209,0.386134,0.743800,-0.220733,0.438579,0.349405,-0.236741,0.480580,0.074949,-0.169664,0.424302,0.486617,-0.177069,0.397571,0.107972,-0.207138,0.261438,0.077843,-0.155701,0.535203,0.987647,0.004187
4,0.040000,0.364703,0.924460,0.162782,0.497574,0.744482,0.247881,0.611564,0.342739,0.204577,0.632568,0.082782,0.090238,0.555545,0.498120,0.170818,0.617371,0.119320,0.173559,0.486571,0.074971,0.257787,0.309202,0.942508,-0.089243,0.388868,0.743959,-0.220858,0.439569,0.349328,-0.236426,0.480582,0.074951,-0.169611,0.425395,0.486605,-0.176856,0.397623,0.108000,-0.207054,0.261452,0.077866,-0.155740,0.535544,0.987708,0.005660
5,0.050000,0.363570,0.924290,0.162395,0.495734,0.744255,0.248479,0.610999,0.342756,0.205203,0.632619,0.082784,0.090275,0.554855,0.498093,0.171397,0.617439,0.119312,0.173618,0.486563,0.074964,0.257773,0.310374,0.942676,-0.090187,0.391445,0.744093,-0.220943,0.440479,0.349257,-0.236115,0.480584,0.074954,-0.169557,0.426445,0.486596,-0.176636,0.397669,0.108028,-0.206967,0.261461,0.077882,-0.155771,0.535862,0.987769,0.007088
6,0.060000,0.362528,0.924103,0.162068,0.493993,0.744053,0.249078,0.610445,0.342764,0.205827,0.632669,0.082785,0.090310,0.554181,0.498062,0.171975,0.617503,0.119307,0.173676,0.486559,0.074955,0.257760,0.311485,0.942823,-0.091027,0.393829,0.744203,-0.220986,0.441293,0.349198,-0.235818,0.480587,0.074958,-0.169505,0.427439,0.486587,-0.176415,0.397709,0.108057,-0.206882,0.261466,0.077893,-0.155796,0.536159,0.987831,0.008464
7,0.070000,0.361596,0.923903,0.161815,0.492370,0.743882,0.249680,0.609909,0.342763,0.206445,0.632717,0.082786,0.090343,0.553527,0.498026,0.172551,0.617562,0.119304,0.173732,0.486558,0.074945,0.257749,0.312528,0.942947,-0.091751,0.395997,0.744292,-0.220984,0.442000,0.349150,-0.235541,0.480590,0.074964,-0.169455,0.428370,0.486582,-0.176199,0.397742,0.108086,-0.206802,0.261468,0.077900,-0.155815,0.536434,0.987894,0.009779
8,0.080000,0.360786,0.923692,0.161649,0.490874,0.743735,0.250278,0.609396,0.342754,0.207054,0.632764,0.082787,0.090375,0.552903,0.497999,0.173141,0.617614,0.119304,0.173787,0.486557,0.074933,0.257740,0.313497,0.943052,-0.092360,0.397933,0.744364,-0.220937,0.442595,0.349111,-0.235292,0.480592,0.074974,-0.169412,0.429233,0.486585,-0.175998,0.397769,0.108114,-0.206727,0.261466,0.077904,-0.155827,0.536687,0.987956,0.011023
9,0.090000,0.360101,0.923470,0.161582,0.489507,0.743601,0.250868,0.608907,0.342738,0.207650,0.632807,0.082789,0.090406,0.552319,0.497996,0.173760,0.617659,0.119305,0.173840,0.486557,0.074920,0.257737,0.314386,0.943143,-0.092856,0.399631,0.744423,-0.220849,0.443079,0.349083,-0.235068,0.480594,0.074986,-0.169375,0.430010,0.486595,-0.175810,0.397791,0.108142,-0.206656,0.261458,0.077904,-0.155833,0.536918,0.988014,0.012189
10,0.100000,0.359535,0.923233,0.161624,0.488261,0.743474,0.251445,0.608442,0.342717,0.208228,0.632847,0.082793,0.090436,0.551763,0.498002,0.174389,0.617699,0.119309,0.173894,0.486558,0.074907,0.257738,0.315194,0.943224,-0.093240,0.401093,0.744469,-0.220720,0.443454,0.349070,-0.234865,0.480595,0.074997,-0.169338,0.430657,0.486604,-0.175620,0.397809,0.108171,-0.206587,0.261447,0.077899,-0.155834,0.537131,0.988067,0.013274
11,0.110000,0.359062,0.923004,0.161753,0.487133,0.743363,0.252008,0.608001,0.342692,0.208782,0.632883,0.082798,0.090464,0.551229,0.498008,0.175008,0.617736,0.119317,0.173951,0.486557,0.074893,0.257743,0.315920,0.943297,-0.093513,0.402325,0.744506,-0.220554,0.443728,0.349069,-0.234681,0.480594,0.075012,-0.169306,0.431165,0.486609,-0.175424,0.397822,0.108202,-0.206520,0.261433,0.077891,-0.155829,0.537328,0.988111,0.014281
12,0.120000,0.358643,0.922832,0.161920,0.486136,0.743277,0.252563,0.607583,0.342663,0.209304,0.632915,0.082806,0.090491,0.550719,0.498016,0.175613,0.617769,0.119332,0.174015,0.486556,0.074879,0.257751,0.316567,0.943366,-0.093683,0.403338,0.744534,-0.220353,0.443908,0.349078,-0.234513,0.480592,0.075031,-0.169280,0.431547,0.486615,-0.175223,0.397829,0.108233,-0.206454,0.261417,0.077879,-0.155818,0.537508,0.988145,0.015216
13,0.130000,0.358267,0.922733,0.162102,0.485277,0.743214,0.253107,0.607191,0.342631,0.209792,0.632943,0.082816,0.090517,0.550235,0.498027,0.176199,0.617795,0.119348,0.174077,0.486557,0.074863,0.257760,0.317134,0.943431,-0.093757,0.404144,0.744555,-0.220121,0.444002,0.349097,-0.234357,0.480588,0.075055,-0.169258,0.431820,0.486622,-0.175018,0.397832,0.108263,-0.206392,0.261400,0.077866,-0.155802,0.537672,0.988169,0.016081
14,0.140000,0.357933,0.922698,0.162301,0.484553,0.743176,0.253641,0.606828,0.342596,0.210246,0.632968,0.082826,0.090539,0.549771,0.498040,0.176761,0.617806,0.119355,0.174117,0.486560,0.074844,0.257772,0.317625,0.943490,-0.093743,0.404759,0.744569,-0.219862,0.444022,0.349125,-0.234210,0.480584,0.075078,-0.169235,0.431996,0.486634,-0.174808,0.397830,0.108294,-0.206332,0.261382,0.077852,-0.155782,0.537819,0.988185,0.016876
15,0.150000,0.357643,0.922718,0.162516,0.483954,0.743165,0.254163,0.606491,0.342559,0.210669,0.632986,0.082837,0.090557,0.549323,0.498053,0.177294,0.617805,0.119355,0.174137,0.486564,0.074823,0.257783,0.318045,0.943543,-0.093645,0.405203,0.744578,-0.219581,0.443980,0.349162,-0.234065,0.480580,0.075097,-0.169202,0.432091,0.486648,-0.174591,0.397823,0.108323,-0.206276,0.261363,0.077837,-0.155760,0.537950,0.988194,0.017600
16,0.160000,0.357395,0.922785,0.162743,0.483461,0.743178,0.254670,0.606180,0.342521,0.211061,0.632996,0.082848,0.090571,0.548884,0.498062,0.177794,0.617798,0.119359,0.174158,0.486568,0.074801,0.257794,0.318399,0.943587,-0.093474,0.405498,0.744581,-0.219286,0.443893,0.349207,-0.233920,0.480575,0.075113,-0.169164,0.432121,0.486663,-0.174365,0.397812,0.108351,-0.206226,0.261342,0.077823,-0.155736,0.538067,0.988197,0.018258
17,0.170000,0.357175,0.922900,0.162974,0.483059,0.743210,0.255159,0.605888,0.342485,0.211425,0.632999,0.082862,0.090581,0.548475,0.498076,0.178286,0.617787,0.119367,0.174181,0.486569,0.074780,0.257803,0.318692,0.943623,-0.093243,0.405667,0.744577,-0.218982,0.443776,0.349257,-0.233772,0.480567,0.075134,-0.169132,0.432100,0.486679,-0.174130,0.397796,0.108377,-0.206182,0.261321,0.077808,-0.155710,0.538167,0.988196,0.018854
18,0.180000,0.356965,0.923067,0.163194,0.482733,0.743258,0.255630,0.605614,0.342449,0.211764,0.632997,0.082878,0.090587,0.548120,0.498106,0.178800,0.617766,0.119369,0.174187,0.486568,0.074760,0.257810,0.318932,0.943650,-0.092964,0.405735,0.744570,-0.218675,0.443639,0.349311,-0.233617,0.480558,0.075157,-0.169102,0.432037,0.486696,-0.173888,0.397779,0.108403,-0.206140,0.261299,0.077792,-0.155682,0.538250,0.988191,0.019393
19,0.190000,0.356753,0.923293,0.163387,0.482469,0.743317,0.256082,0.605356,0.342414,0.212079,0.632990,0.082894,0.090592,0.547796,0.498141,0.179306,0.617736,0.119364,0.174176,0.486566,0.074741,0.257818,0.319127,0.943671,-0.092652,0.405723,0.744559,-0.218369,0.443489,0.349370,-0.233455,0.480550,0.075179,-0.169070,0.431937,0.486715,-0.173638,0.397761,0.108429,-0.206099,0.261276,0.077776,-0.155651,0.538317,0.988186,0.019881
20,0.200000,0.356543,0.923555,0.163564,0.482251,0.743383,0.256515,0.605111,0.342380,0.212374,0.632980,0.082912,0.090596,0.547483,0.498170,0.179780,0.617705,0.119360,0.174166,0.486565,0.074722,0.257824,0.319286,0.943686,-0.092321,0.405652,0.744544,-0.218067,0.443330,0.349431,-0.233288,0.480540,0.075203,-0.169040,0.431805,0.486732,-0.173384,0.397744,0.108455,-0.206058,0.261252,0.077759,-0.155619,0.538370,0.988180,0.020327
21,0.210000,0.356347,0.923800,0.163763,0.482064,0.743452,0.256932,0.604877,0.342349,0.212654,0.632966,0.082930,0.090597,0.547181,0.498196,0.180229,0.617671,0.119357,0.174154,0.486563,0.074705,0.257830,0.319415,0.943697,-0.091985,0.405543,0.744525,-0.217773,0.443161,0.349491,-0.233119,0.480530,0.075230,-0.169013,0.431642,0.486747,-0.173129,0.397726,0.108481,-0.206017,0.261225,0.077740,-0.155586,0.538411,0.988175,0.020739
22,0.220000,0.356164,0.924011,0.163992,0.481896,0.743523,0.257333,0.604650,0.342321,0.212920,0.632949,0.082950,0.090595,0.546890,0.498219,0.180657,0.617633,0.119349,0.174131,0.486561,0.074689,0.257833,0.319516,0.943706,-0.091655,0.405415,0.744505,-0.217491,0.442984,0.349548,-0.232952,0.480518,0.075258,-0.168988,0.431452,0.486759,-0.172878,0.397708,0.108505,-0.205977,0.261197,0.077720,-0.155555,0.538441,0.988171,0.021122
23,0.230000,0.355982,0.924196,0.164236,0.481740,0.743595,0.257719,0.604431,0.342295,0.213175,0.632929,0.082970,0.090592,0.546607,0.498239,0.181071,0.617596,0.119342,0.174106,0.486559,0.074675,0.257836,0.319592,0.943712,-0.091335,0.405277,0.744487,-0.217217,0.442800,0.349600,-0.232793,0.480505,0.075287,-0.168968,0.431241,0.486765,-0.172634,0.397691,0.108528,-0.205940,0.261170,0.077699,-0.155524,0.538463,0.988171,0.021484
24,0.240000,0.355797,0.924358,0.164485,0.481590,0.743667,0.258091,0.604217,0.342272,0.213419,0.632909,0.082990,0.090588,0.546333,0.498258,0.181472,0.617562,0.119341,0.174090,0.486555,0.074663,0.257837,0.319645,0.943719,-0.091028,0.405133,0.744477,-0.216947,0.442612,0.349648,-0.232645,0.480493,0.075316,-0.168948,0.431012,0.486765,-0.172399,0.397675,0.108549,-0.205907,0.261145,0.077678,-0.155495,0.538477,0.988172,0.021829
25,0.250000,0.355613,0.924497,0.164730,0.481446,0.743739,0.258449,0.604012,0.342252,0.213650,0.632890,0.083011,0.090586,0.546067,0.498277,0.181857,0.617532,0.119345,0.174078,0.486552,0.074652,0.257838,0.319673,0.943727,-0.090736,0.404990,0.744478,-0.216686,0.442427,0.349690,-0.232513,0.480480,0.075342,-0.168927,0.430765,0.486756,-0.172172,0.397659,0.108571,-0.205878,0.261123,0.077659,-0.155469,0.538483,0.988176,0.022158
26,0.260000,0.355434,0.924614,0.164972,0.481307,0.743808,0.258793,0.603816,0.342233,0.213867,0.632871,0.083033,0.090584,0.545806,0.498294,0.182225,0.617505,0.119350,0.174071,0.486550,0.074642,0.257837,0.319676,0.943734,-0.090457,0.404850,0.744491,-0.216439,0.442248,0.349725,-0.232398,0.480470,0.075363,-0.168907,0.430496,0.486736,-0.171949,0.397645,0.108591,-0.205851,0.261106,0.077643,-0.155448,0.538479,0.988180,0.022467
27,0.270000,0.355262,0.924708,0.165210,0.481175,0.743873,0.259120,0.603629,0.342215,0.214071,0.632852,0.083052,0.090581,0.545552,0.498306,0.182573,0.617478,0.119356,0.174065,0.486549,0.074633,0.257834,0.319655,0.943739,-0.090190,0.404709,0.744514,-0.216206,0.442082,0.349753,-0.232299,0.480462,0.075381,-0.168890,0.430222,0.486707,-0.171736,0.397631,0.108609,-0.205828,0.261093,0.077629,-0.155432,0.538466,0.988181,0.022754
28,0.280000,0.355094,0.924779,0.165443,0.481053,0.743934,0.259428,0.603450,0.342196,0.214260,0.632834,0.083070,0.090578,0.545309,0.498314,0.182902,0.617452,0.119362,0.174060,0.486547,0.074625,0.257831,0.319608,0.943739,-0.089933,0.404561,0.744543,-0.215988,0.441933,0.349772,-0.232216,0.480457,0.075395,-0.168877,0.429979,0.486681,-0.171547,0.397619,0.108625,-0.205809,0.261084,0.077616,-0.155421,0.538444,0.988181,0.023018
29,0.290000,0.354930,0.924827,0.165673,0.480945,0.743989,0.259717,0.603281,0.342177,0.214435,0.632818,0.083086,0.090576,0.545079,0.498318,0.183207,0.617427,0.119369,0.174057,0.486544,0.074616,0.257826,0.319536,0.943734,-0.089684,0.404409,0.744574,-0.215786,0.441805,0.349784,-0.232144,0.480455,0.075399,-0.168859,0.429782,0.486662,-0.171386,0.397609,0.108639,-0.205795,0.261078,0.077603,-0.155412,0.538411,0.988175,0.023257
30,0.300000,0.354784,0.924856,0.165900,0.480855,0.744036,0.259985,0.603124,0.342158,0.214593,0.632804,0.083100,0.090575,0.544869,0.498317,0.183487,0.617404,0.119376,0.174056,0.486540,0.074608,0.257817,0.319440,0.943721,-0.089441,0.404256,0.744605,-0.215598,0.441700,0.349791,-0.232078,0.480456,0.075395,-0.168838,0.429622,0.486647,-0.171247,0.397603,0.108650,-0.205786,0.261070,0.077592,-0.155406,0.538368,0.988164,0.023469
31,0.310000,0.354674,0.924886,0.166119,0.480788,0.744074,0.260231,0.602984,0.342139,0.214732,0.632793,0.083114,0.090576,0.544682,0.498313,0.183736,0.617383,0.119382,0.174056,0.486535,0.074599,0.257801,0.319320,0.943700,-0.089204,0.404107,0.744634,-0.215421,0.441618,0.349797,-0.232014,0.480456,0.075393,-0.168828,0.429496,0.486632,-0.171122,0.397602,0.108659,-0.205779,0.261064,0.077584,-0.155402,0.538314,0.988146,0.023650
32,0.320000,0.354604,0.924924,0.166329,0.480746,0.744105,0.260454,0.602868,0.342123,0.214849,0.632782,0.083126,0.090577,0.544527,0.498308,0.183954,0.617365,0.119388,0.174058,0.486532,0.074592,0.257793,0.319179,0.943672,-0.088971,0.403967,0.744664,-0.215253,0.441559,0.349802,-0.231952,0.480453,0.075399,-0.168838,0.429395,0.486618,-0.171008,0.397604,0.108663,-0.205772,0.261061,0.077580,-0.155399,0.538252,0.988124,0.023802
33,0.330000,0.354574,0.924967,0.166529,0.480733,0.744129,0.260653,0.602785,0.342109,0.214941,0.632771,0.083136,0.090577,0.544411,0.498304,0.184138,0.617349,0.119395,0.174062,0.486531,0.074587,0.257806,0.319016,0.943638,-0.088741,0.403829,0.744691,-0.215089,0.441520,0.349807,-0.231891,0.480449,0.075407,-0.168855,0.429317,0.486605,-0.170902,0.397607,0.108664,-0.205764,0.261060,0.077577,-0.155395,0.538181,0.988101,0.023922
34,0.340000,0.354579,0.925014,0.166721,0.480752,0.744148,0.260827,0.602737,0.342097,0.215009,0.632762,0.083144,0.090576,0.544337,0.498303,0.184286,0.617334,0.119401,0.174066,0.486532,0.074581,0.257826,0.318831,0.943598,-0.088515,0.403673,0.744705,-0.214923,0.441497,0.349811,-0.231830,0.480447,0.075410,-0.168865,0.429256,0.486594,-0.170802,0.397611,0.108663,-0.205756,0.261062,0.077577,-0.155392,0.538098,0.988080,0.024011
35,0.350000,0.354618,0.925068,0.166906,0.480806,0.744162,0.260973,0.602724,0.342086,0.215052,0.632754,0.083149,0.090575,0.544308,0.498305,0.184396,0.617323,0.119408,0.174073,0.486534,0.074572,0.257839,0.318625,0.943554,-0.088292,0.403474,0.744700,-0.214746,0.441487,0.349815,-0.231768,0.480447,0.075407,-0.168868,0.429208,0.486584,-0.170708,0.397616,0.108662,-0.205746,0.261067,0.077580,-0.155387,0.538005,0.988062,0.024070
36,0.360000,0.354688,0.925131,0.167085,0.480898,0.744171,0.261093,0.602744,0.342076,0.215071,0.632747,0.083152,0.090575,0.544322,0.498309,0.184469,0.617317,0.119417,0.174084,0.486536,0.074561,0.257845,0.318400,0.943507,-0.088069,0.403234,0.744683,-0.214560,0.441485,0.349821,-0.231705,0.480448,0.075401,-0.168863,0.429167,0.486574,-0.170619,0.397621,0.108660,-0.205737,0.261072,0.077583,-0.155383,0.537901,0.988048,0.024102
37,0.370000,0.354781,0.925198,0.167259,0.481027,0.744176,0.261186,0.602798,0.342068,0.215066,0.632744,0.083155,0.090575,0.544380,0.498315,0.184505,0.617313,0.119422,0.174089,0.486538,0.074548,0.257845,0.318158,0.943460,-0.087845,0.402988,0.744668,-0.214380,0.441487,0.349828,-0.231642,0.480451,0.075392,-0.168852,0.429127,0.486566,-0.170535,0.397626,0.108658,-0.205726,0.261077,0.077585,-0.155378,0.537785,0.988041,0.024108
38,0.380000,0.354883,0.925250,0.167430,0.481193,0.744178,0.261255,0.602886,0.342061,0.215037,0.632742,0.083157,0.090574,0.544479,0.498323,0.184506,0.617305,0.119419,0.174077,0.486540,0.074532,0.257838,0.317903,0.943414,-0.087622,0.402753,0.744665,-0.214213,0.441489,0.349835,-0.231577,0.480454,0.075383,-0.168840,0.429085,0.486562,-0.170454,0.397630,0.108657,-0.205712,0.261081,0.077587,-0.155376,0.537659,0.988042,0.024089
39,0.390000,0.354987,0.925282,0.167597,0.481393,0.744178,0.261299,0.603004,0.342057,0.214987,0.632740,0.083158,0.090572,0.544614,0.498333,0.184473,0.617298,0.119412,0.174060,0.486540,0.074512,0.257823,0.317636,0.943371,-0.087399,0.402530,0.744673,-0.214055,0.441487,0.349844,-0.231513,0.480456,0.075377,-0.168829,0.429037,0.486560,-0.170376,0.397633,0.108656,-0.205696,0.261084,0.077589,-0.155376,0.537527,0.988052,0.024051
40,0.400000,0.355094,0.925298,0.167761,0.481623,0.744176,0.261321,0.603146,0.342055,0.214918,0.632736,0.083156,0.090568,0.544779,0.498346,0.184408,0.617294,0.119407,0.174048,0.486539,0.074500,0.257815,0.317356,0.943332,-0.087179,0.402316,0.744691,-0.213908,0.441481,0.349854,-0.231449,0.480457,0.075372,-0.168817,0.428979,0.486562,-0.170301,0.397635,0.108654,-0.205679,0.261087,0.077592,-0.155376,0.537388,0.988073,0.023997
41,0.410000,0.355204,0.925303,0.167920,0.481877,0.744171,0.261324,0.603305,0.342055,0.214833,0.632731,0.083152,0.090563,0.544970,0.498360,0.184315,0.617292,0.119405,0.174038,0.486536,0.074512,0.257834,0.317066,0.943294,-0.086964,0.402113,0.744720,-0.213775,0.441470,0.349868,-0.231385,0.480457,0.075368,-0.168805,0.428909,0.486568,-0.170229,0.397637,0.108650,-0.205660,0.261089,0.077595,-0.155373,0.537246,0.988102,0.023933
42,0.420000,0.355315,0.925298,0.168072,0.482151,0.744166,0.261314,0.603478,0.342056,0.214736,0.632729,0.083149,0.090559,0.545184,0.498377,0.184200,0.617292,0.119403,0.174031,0.486533,0.074535,0.257863,0.316767,0.943258,-0.086752,0.401934,0.744761,-0.213668,0.441452,0.349885,-0.231322,0.480455,0.075369,-0.168800,0.428826,0.486574,-0.170161,0.397641,0.108646,-0.205641,0.261089,0.077599,-0.155369,0.537102,0.988135,0.023860
43,0.430000,0.355427,0.925289,0.168219,0.482437,0.744161,0.261292,0.603661,0.342056,0.214630,0.632727,0.083148,0.090555,0.545412,0.498394,0.184067,0.617294,0.119402,0.174025,0.486530,0.074555,0.257885,0.316462,0.943222,-0.086543,0.401797,0.744817,-0.213591,0.441429,0.349904,-0.231260,0.480454,0.075375,-0.168804,0.428731,0.486582,-0.170095,0.397645,0.108641,-0.205623,0.261088,0.077604,-0.155363,0.536956,0.988170,0.023780
44,0.440000,0.355538,0.925277,0.168361,0.482728,0.744156,0.261264,0.603848,0.342056,0.214519,0.632724,0.083147,0.090548,0.545647,0.498410,0.183924,0.617298,0.119403,0.174023,0.486526,0.074573,0.257904,0.316153,0.943185,-0.086336,0.401691,0.744887,-0.213528,0.441401,0.349924,-0.231199,0.480454,0.075386,-0.168815,0.428628,0.486589,-0.170032,0.397648,0.108633,-0.205609,0.261084,0.077611,-0.155355,0.536809,0.988205,0.023696
